id,title,tagline,description,photo_url,youtube_url,water_type,difficulty,parking,weather,rating,nearby,lat,lng,published
"ri","Ross Island","","If you're in Portland proper, then Ross Island is a must-visit. Getting to Ross Island is pretty straightforward and very accessible from either Willamette Park or Sellwood Riverfront Park. There's lots of beach along Sellwood that you can hug for a while and if you're adventurous you can make it to the southern tip of Ross Island (aka ""Newb Beach""). _Experienced paddlers will loop around the island for the 6 to 7 km trip or just hang out in the lagoon. This area gets really busy in the summer and lots of boats and jet skis will pass by. Be sure to stay out of the middle of the river and closer to shore (but watch out for remnant pilings as they will catch your fin and you'll be taking a dip)._","./images/spots/ross-island-4.jpg","","river","intermediate","","","","elk-rock,cedar,smith-bybee","45.488453","-122.661221","TRUE"
"merwin","Merwin Lake (Yale Bridge)","","Merwin is a crowd fave. Just one hour away from Portland, you'll find yourself in a lush PNW forest, replete with fuzzy ferns and forest fairies. The parking is sparse at Yale Bridge so get there early (there's more parking at Cresap Bay). The staircase down to the launch is long and steep, guaranteed to scuff your board. _ Once you're in, it's a smooth ride to the picturesque cascades awaiting your IG stories. _And there's a rope under the bridge for a swingin good time.","./images/spots/merwin-solo.jpg","","coastal","beginner","","","","paradise,scappoose,lacamas","45.960150","-122.371500","TRUE"
"estacada","Estacada Lake","","Also within an hour drive from Portland is Estacada Lake (aka Timber Park, Milo McIver SP). Estacada is approachable from either Milo or Timber Park. Just depends on if you want to pay the park fee. Timber Park has rentals from [Clackamas River Outfitters](https://clackamasriveroutfitters.com/paddle-board-kayak-rentals/) if you need a board. Estacada is also quite beautiful like Merwin with steep cliffs and a few cascades along the way.","./images/spots/estacada-lake.jpg","","river","beginner","","","","willamette-falls,narrows,cedar","45.295640","-122.347060","TRUE"
"narrows","Willamette Narrows","","Like it says on the tin, Willamette Narrows can be a tricky paddle with mean and pointy rocks. Parking is at Willamette Park, the WP south of West Linn. From the beach closer to the mouth of the Tualatin River, head south and hug the shore till you get to the rocky stuff. Longer fins should watch for rocks. _ Once you're in there, poke around the little inlets for a snack or yoga break.","./images/spots/narrows.jpg","","river","intermediate","","","","willamette-falls,cedar,elk-rock","45.338480","-122.651480","TRUE"
"vancouver-lake","Vancouver Lake, WA","","Vancouver Lake is probably one of the best paddles for beginners (and kids!). When it's not too windy, you can move around the shallow beach with ease. With such a large fetch, the wind can turn and it will be a tough paddle back if you get unlucky with the weather. Just be sure to check conditions before you go (as with all places, really).","./images/spots/vancouver-lake.jpg","","lake","beginner","","","","smith-bybee,scappoose,paradise","45.681480","-122.741920","TRUE"
"hagg-lake","Hagg Lake","","Hagg is fun. Hagg is muddy. But Hagg is also really chill even for the kiddos.  Park at Boat Launch C and head north in the no-wake zone to explore the tributaries.","./images/spots/hagg-lake.jpg","","lake","beginner","","","","smith-bybee,vancouver-lake,ri","45.489770","-123.229220","TRUE"
"willamette-falls","Willamette Falls","","Just south of Portland in the heart of Oregon City lie the dramatic views of Willamette Falls. While it's lined by derelict buildings ready for the next zombie film, the area is slated for a mix-use development by the [Confederated Tribes of Grand Ronde](https://pamplinmedia.com/pt/9-news/502927-403018-grand-ronde-plans-mixed-use-development-at-willamette-falls). As exciting as that news is, it's still a treat to get that close to the falls and hear its roar. _Careful of the swirlies and faster-than-you-think-current. Put in at Jon Storm Park under the I-205 bridge just off McLoughlin and head south to the mills.","./images/spots/willamette-falls-2.jpg","","river","intermediate","","","","narrows,cedar,elk-rock","45.354430","-122.615480","TRUE"
"smith-bybee","Smith & Bybee","","Winter time paddling at Smith & Bybee Lakes is a must for birders and nutria spotters. The grasses and underwater shrubbery are way too thick in the spring and summer when Metro drains it to swamp status but the winter levels are great for a quick tour. The shrubs and trees above the water will make a maze-like setting so be sure you make a plan and know how to get back before you head out. S&B is tucked in the industrial part of North Portland just off Marine Drive. Park at the kayak and canoe launch and watch for bikers on the trail. Two things to note: Dogs are not allowed in the park and parking can be sketchy so don't leave any valuables in plain view.","./images/spots/s&b.jpg","","lake","beginner","","","","vancouver-lake,ri,elk-rock","45.611750","-122.728120","TRUE"
"lacamas","Lacamas Lake, WA","","Located just a bit north of Portland in Washington is Lacamas Lake. As a tributary of the Columbia, it has a large surface area and can get quite windy. Stay close to the shore and paddle past a few bridges and watch for the lilies and floating logs. There's usually lots of other paddlers, kayakers, and swimmers as it's quite a popular spot.","./images/spots/lacamas.jpg","","lake","beginner","","","","ri,smith-bybee,vancouver-lake","45.609960","-122.425360","TRUE"
"scappoose","Scappoose Bay","","Scappoose is a treat. The Bay has ample parking and Next Adventure is right there if you've forgotten something like, oh...your board. Follow the bay south along the west side of the shore until it opens up to the east. There you will find the tributary to South Scapoose Creek. Like Smith & Bybee, be sure to track where you're going because it can get a little maze-y out there.","./images/spots/scappoose.jpg","","coastal","beginner","","","","paradise,vancouver-lake,smith-bybee","45.827620","-122.836080","TRUE"
"crescent-lake","Crescent Lake","","Once you're willing to make the drive further out, you'll be rewarded with the amazing Crescent Lake. The lake is nestled in the Cascades and is a popular for fishing and camping, too. _ Plan this in advance to get a sweet camp spot right by the beach.","./images/spots/crescent-lake.jpg","","lake","beginner","","","","waldo-lake","43.462280","-122.013690","TRUE"
"waldo-lake","Waldo Lake","","Waldo Lake is a must-visit. It's a natural alpine lake and second deepest in Oregon next to Crater Lake. _ The water super clear and cold. 📸 Evan Le.","./images/spots/waldo-lake.jpg","","lake","beginner","","","","crescent-lake","43.691700","-122.042150","TRUE"
"paulina-lake","Paulina Lake","","Paulina Lake is a twin crater lake in the Newberry Crater National Monument. _ Lots of great spots to paddle to, especially the hot springs. 📸 Evan Le.","./images/spots/paulina-lake.jpg","","lake","beginner","","","","deschutes","43.712280","-121.275980","TRUE"
"deschutes","Deschutes River","","If you're in downtown Bend, be sure to pop into the Deschutes river for a float. You can also rent a board from [Tumalo Creek](https://tumalocreek.com/). _ There are a number of put-ins along the downtown stretch but parking is always a little scarce. 📸 Evan Le.","./images/spots/deschutes.jpg","","river","beginner","","","","paulina-lake","44.043830","-121.314800","TRUE"
"paradise","Paradise Point","","Just north of Portland off I-5 is Paradise Point State Park. _ It's a small park with a small beach but it's a great spot to make a quick launch from. 📸 Evan Le.","./images/spots/paradise.jpg","","lake","beginner","","","","scappoose,vancouver-lake,merwin","45.865810","-122.702590","TRUE"
"cedar","Cedar Oak","","Cedar Oak is a beginner-friendly spot. _ Poke around in the lagoon or head south to Meldrum Bar where you can watch the locals get their vehicles stuck in the sand. 📸 Evan Le.","./images/spots/cedaroak.jpg","","lake","beginner","","","","willamette-falls,elk-rock,narrows","45.389410","-122.629300","TRUE"
"elk-rock","Elk Rock Island","","If you're short on time, Elk Rock Island is an easy jaunt from Milwaukie Bay Park (parking very limited). _ It's a small island with a small beach but it's a great spot to make a quick tour. If you're looking for a longer workout, head north from George Rogers Park. 📸 Evan Le.","./images/spots/elk-rock.jpg","","coastal","beginner","","","","cedar,ri,willamette-falls","45.435830","-122.649480","TRUE"
"turner","Turner Lake","","Turner Lake Park (5203 Holly Street) was deeded to the City of Turner by Crawford Crossing LLC on April 11, 2018. Formerly the Riverbend Quarry, it had filled with ground water over the years, and would now become a park for the greater Turner community. Turn-n-Paddle is renting kayaks and SUP at Turner Lake Park 7 days a week 11-8pm (Dependent on weather conditions) through the end of September. Rentals are $20/hr for Paddle boards and $10/hr for Kayaks. For more information contact 503-983-1126. The boat ramp is now open and electric motors are allowed, with the entire lake a no wake, 5 mph speed limit, 14 Foot length limit. Fishing is allowed from boats or the bank. Park is open dawn to dusk every day unless the gate is closed. [More info 🔗](https://www.cityofturner.org/turnerlakepark)","https://www.cityofturner.org/vertical/Sites/%7B85E5A386-9024-4192-A152-0B30E6890600%7D/uploads/Turner_Lake_Park_Boat_Ramp_2020_Web.jpg","","lake","beginner","","","","","44.858381","-122.957824","TRUE"
"mckenzie-river","McKenzie River, Leaburg Dam","","Location: About 20 miles east of Springfield, Oregon

**Access & Facilities**- Cross the one-way bridge and turn left into the gravel parking lot
- Parking: Free, no fee required
- Facilities: Vault toilet available on site
- Launch: Gentle gravel slope, easy carry from the lot to the water

**Paddle Overview**
This is a flatwater stretch of the McKenzie River that offers an easy launch and a relaxing paddle experience. Heading upriver provides a scenic and mellow ride, with only a mild current to navigate.

_**Seasonal Highlights**- Fall: A standout time to paddle, when the surrounding trees turn brilliant colors and the reflections create breathtaking scenery.
- Year-round: Cold water temperatures, so plan accordingly.

**Considerations**- Noise: Highway traffic is audible in sections; focusing on the river’s natural beauty helps tune it out.
- Conditions: Mild current but overall a safe and easy paddle suitable for most levels.
__","./images/spots/leaburg-dam-mckenzie-river-2.jpg","https://www.youtube.com/watch?v=-lXLoydwICE","river","beginner","","","","dexter-lake","44.138281","-122.611041","TRUE"
"triangle-lake","Triangle Lake","","Location: About 40 miles west of Eugene, Oregon
Explore Triangle Lake, Oregon — a stunning 300-acre lake nestled in the Cascade Coast Range northwest of Eugene and one of the best places for stand-up paddleboarding in Lane County. With clear water, calm conditions, and easy access, Triangle Lake is a must-paddle destination for both beginners and experienced SUP riders. Triangle Lake is surrounded by private homes, but the Lane County Park provides convenient public access for kayaking, paddleboarding, and summer lake adventures. Whether you’re planning a weekend paddle near Eugene or looking for the next spot to add to your Oregon SUP map.","http://www.oregon.gov/osmb/SiteCollectionImages/Map/TriangleLakeLanding2009.jpg","","coastal","beginner","","","","","44.173925","-123.580950","TRUE"
"dexter-lake","Dexter Lake","","Location: Dexter Lake, where calm waters, fall colors, and easy access make it an Oregon favorite. You can launch right off Highway 58, or cross the covered bridge to the Lowell Recreation area on the opposite side — both offer plenty of space to explore or just relax on the shore.
Only 20 minutes east of Eugene, Dexter Lake is perfect for all paddlers — from beginners to those just out for a mellow fall float. Best of all, there’s no parking fee and tons of open water to roam.","http://www.oregon.gov/osmb/SiteCollectionImages/Map/TriangleLakeLanding2009.jpg","","lake","beginner","","","","mckenzie-river","43.921112","-122.796850","TRUE"